,date,natural_resources_mining_all_employees,natural_resources_mining_avg_monthly_pay,natural_resources_mining_aggr_value,construction_all_employees,construction_avg_monthly_pay,construction_aggr_value,manufacturing_all_employees,manufacturing_avg_monthly_pay,manufacturing_aggr_value,trade_transportation_utilities_all_employees,trade_transportation_utilities_avg_monthly_pay,trade_transportation_utilities_aggr_value,information_all_employees,information_avg_monthly_pay,information_aggr_value,financial_activities_all_employees,financial_activities_avg_monthly_pay,financial_activities_aggr_value,professional_business_services_all_employees,professional_business_services_avg_monthly_pay,professional_business_services_aggr_value,education_health_services_all_employees,education_health_services_avg_monthly_pay,education_health_services_aggr_value,leisure_hospitality_all_employees,leisure_hospitality_avg_monthly_pay,leisure_hospitality_aggr_value,other_services_all_employees,other_services_avg_monthly_pay,other_services_aggr_value,unclassified_all_employees,unclassified_avg_monthly_pay,unclassified_aggr_value,total_industries_aggr_value
0,2017-12,166,2416,401056,13141,5036,66178076,15712,5836,91695232,46280,3112,144023360,4281,4612,19743972,11330,5136,58190880,38343,4464,171163152,31088,4444,138155072,36608,1700,62233600,6311,2872,18125192,,,,
1,2017-11,198,2416,478368,13012,5036,65528432,15614,5836,91123304,45805,3112,142545160,4057,4612,18710884,11381,5136,58452816,38620,4464,172399680,31067,4444,138061748,37358,1700,63508600,6318,2872,18145296,,,,
2,2017-10,211,2416,509776,12955,5036,65241380,15645,5836,91304220,44522,3112,138552464,4045,4612,18655540,11380,5136,58447680,38495,4464,171841680,30908,4444,137355152,37608,1700,63933600,6341,2872,18211352,,,,
3,2017-09,184,2020,371680,12795,4368,55888560,15779,5124,80851596,43923,2936,128957928,4109,4352,17882368,11182,4580,51213560,38126,3828,145946328,30414,4288,130415232,37443,1684,63054012,6179,2688,16609152,,,,
4,2017-08,186,2020,375720,12968,4368,56644224,15745,5124,80677380,44820,2936,131591520,3966,4352,17260032,11210,4580,51341800,38217,3828,146294676,30552,4288,131006976,39481,1684,66486004,6280,2688,16880640,,,,
5,2017-07,220,2020,444400,13079,4368,57129072,15879,5124,81363996,45013,2936,132158168,3971,4352,17281792,11171,4580,51163180,38282,3828,146543496,30208,4288,129531904,40075,1684,67486300,6274,2688,16864512,,,,
6,2017-06,351,2120,744120,12967,4504,58403368,15904,5576,88680704,44850,2968,133114800,4076,4432,18064832,11110,4776,53061360,38266,3864,147859824,30033,4236,127219788,40369,1688,68142872,6339,2732,17318148,,,,
7,2017-05,198,2120,419760,12811,4504,57700744,15886,5576,88580336,44511,2968,132108648,3956,4432,17532992,11253,4776,53744328,38191,3864,147570024,30329,4236,128473644,39662,1688,66949456,6239,2732,17044948,,,,
8,2017-04,195,2120,413400,12644,4504,56948576,15853,5576,88396328,44099,2968,130885832,3885,4432,17218320,11168,4776,53338368,38036,3864,146971104,30465,4236,129049740,38215,1688,64506920,6197,2732,16930204,,,,
9,2017-03,173,2128,368144,12552,4484,56283168,15893,6236,99108748,44073,3028,133453044,3869,4700,18184300,11154,6236,69556344,37889,3936,149131104,30413,4112,125058256,36827,1632,60101664,6200,2776,17211200,,,,
10,2017-02,166,2128,353248,12538,4484,56220392,16075,6236,100243700,43891,3028,132901948,3844,4700,18066800,10936,6236,68196896,37598,3936,147985728,30425,4112,125107600,35746,1632,58337472,6125,2776,17003000,,,,
11,2017-01,159,2128,338352,12421,4484,55695764,15828,6236,98703408,44003,3028,133241084,3803,4700,17874100,10965,6236,68377740,36905,3936,145258080,29998,4112,123351776,35092,1632,57270144,6024,2776,16722624,,,,
12,2016-12,178,2260,402280,12416,4700,58355200,15774,5616,88586784,45863,2952,135387576,3798,4788,18184824,11177,5088,56868576,38128,4128,157392384,29985,4332,129895020,36212,1604,58084048,6389,2820,18016980,,,,
13,2016-11,206,2260,465560,12283,4700,57730100,15722,5616,88294752,45359,2952,133899768,3770,4788,18050760,11316,5088,57575808,38388,4128,158465664,29873,4332,129409836,36784,1604,59001536,6427,2820,18124140,,,,
14,2016-10,202,2260,456520,12170,4700,57199000,15683,5616,88075728,43948,2952,129734496,3687,4788,17653356,11261,5088,57295968,37325,4128,154077600,29759,4332,128915988,36442,1604,58452968,6330,2820,17850600,,,,
15,2016-09,231,1848,426888,12352,4308,53212416,15898,5116,81334168,44336,2968,131589248,3623,4456,16144088,11100,4784,53102400,37419,3856,144287664,29664,4424,131233536,37445,1704,63806280,6326,2828,17889928,,,,
16,2016-08,206,1848,380688,12333,4308,53130564,15865,5116,81165340,44601,2968,132375768,3672,4456,16362432,11137,4784,53279408,37407,3856,144241392,29250,4424,129402000,38452,1704,65522208,6354,2828,17969112,,,,
17,2016-07,336,1848,620928,12422,4308,53513976,15958,5116,81641128,44533,2968,132173944,3707,4456,16518392,11028,4784,52757952,37194,3856,143420064,28975,4424,128185400,38753,1704,66035112,6501,2828,18384828,,,,
18,2016-06,429,1952,837408,12310,4152,51111120,15935,5552,88471120,44773,2856,127871688,3680,4268,15706240,11124,4684,52104816,36850,3784,139440400,28881,4028,116332668,39343,1632,64207776,6482,2748,17812536,,,,
19,2016-05,232,1952,452864,12064,4152,50089728,15852,5552,88010304,44664,2856,127560384,3708,4268,15825744,11140,4684,52179760,36743,3784,139035512,29026,4028,116916728,38544,1632,62903808,6361,2748,17480028,,,,
20,2016-04,225,1952,439200,12044,4152,50006688,15921,5552,88393392,44318,2856,126572208,4149,4268,17707932,11051,4684,51762884,36402,3784,137745168,28860,4028,116248080,37388,1632,61017216,6334,2748,17405832,,,,
21,2016-03,184,2212,407008,11844,4024,47660256,15935,5832,92932920,43635,2776,121130760,3833,4208,16129264,10764,6004,64627056,36011,3644,131224084,28840,3876,111783840,35722,1508,53868776,6249,2720,16997280,,,,
22,2016-02,175,2212,387100,11793,4024,47455032,16126,5832,94046832,43601,2776,121036376,3691,4208,15531728,10976,6004,65899904,35633,3644,129846652,28805,3876,111648180,34391,1508,51861628,6156,2720,16744320,,,,
23,2016-01,168,2212,371616,11685,4024,47020440,15768,5832,91958976,43497,2776,120747672,3702,4208,15578016,10886,6004,65359544,35285,3644,128578540,28560,3876,110698560,34082,1508,51395656,6121,2720,16649120,,,,
24,2015-12,163,2820,459660,11692,4460,52146320,15693,5728,89889504,45071,2952,133049592,3663,4348,15926724,11632,4840,56298880,36668,4056,148725408,29167,4316,125884772,34856,1644,57303264,6303,2900,18278700,,,,
25,2015-11,175,2820,493500,11629,4460,51865340,15721,5728,90049888,44622,2952,131724144,4163,4348,18100724,11466,4840,55495440,36627,4056,148559112,29369,4316,126756604,35151,1644,57788244,6216,2900,18026400,,,,
26,2015-10,189,2820,532980,11524,4460,51397040,15716,5728,90021248,43798,2952,129291696,3585,4348,15587580,11356,4840,54963040,36509,4056,148080504,29210,4316,126070360,35385,1644,58172940,6155,2900,17849500,,,,
27,2015-09,187,2156,403172,11329,3956,44817524,15839,5516,87367924,43098,2776,119640048,3526,4028,14202728,11169,4508,50349852,35779,3512,125655848,28965,4100,118756500,34981,1584,55409904,6121,2620,16037020,,,,
28,2015-08,187,2156,403172,11407,3956,45126092,15792,5516,87108672,43676,2776,121244576,3537,4028,14247036,11273,4508,50818684,35647,3512,125192264,28841,4100,118248100,36505,1584,57823920,6193,2620,16225660,,,,
29,2015-07,288,2156,620928,11395,3956,45078620,15759,5516,86926644,43594,2776,121016944,3549,4028,14295372,11152,4508,50273216,35262,3512,123840144,28547,4100,117042700,36894,1584,58440096,6288,2620,16474560,,,,
30,2015-06,433,2152,931816,11459,3936,45102624,15670,4920,77096400,43513,2700,117485100,3516,4152,14598432,11316,4364,49383024,35844,3436,123159984,28386,3904,110818944,36732,1612,59211984,6271,2636,16530356,,,,
31,2015-05,227,2152,488504,11258,3936,44311488,15434,4920,75935280,43132,2700,116456400,3506,4152,14556912,11225,4364,48985900,35837,3436,123135932,28667,3904,111915968,36429,1612,58723548,6166,2636,16253576,,,,
32,2015-04,228,2152,490656,11094,3936,43665984,15363,4920,75585960,42742,2700,115403400,3494,4152,14507088,11111,4364,48488404,35382,3436,121572552,28502,3904,111271808,35224,1612,56781088,6046,2636,15937256,,,,
33,2015-03,211,1900,400900,11131,3768,41941608,15427,5944,91698088,42135,2740,115449900,3449,4136,14265064,11045,5736,63354120,34869,3468,120925692,28460,3928,111790880,33899,1476,50034924,5991,2560,15336960,,,,
34,2015-02,200,1900,380000,11048,3768,41628864,15633,5944,92922552,41459,2740,113597660,3487,4136,14422232,10979,5736,62975544,34476,3468,119562768,28304,3928,111178112,32392,1476,47810592,5917,2560,15147520,,,,
35,2015-01,168,1900,319200,10900,3768,41071200,15430,5944,91715920,41612,2740,114016880,3450,4136,14269200,10972,5736,62935392,33630,3468,116628840,28073,3928,110270744,32062,1476,47323512,5909,2560,15127040,,,,
36,2014-12,181,2264,409784,11140,4152,46253280,15478,5504,85190912,44537,2796,124525452,3613,4368,15781584,10979,4768,52347872,34927,3788,132303476,28534,4048,115505632,32671,1588,51881548,5967,2744,16373448,,,,
37,2014-11,215,2264,486760,10986,4152,45613872,15373,5504,84612992,44129,2796,123384684,3592,4368,15689856,10877,4768,51861536,34894,3788,132178472,28469,4048,115242512,33180,1588,52689840,6027,2744,16538088,,,,
38,2014-10,225,2264,509400,10860,4152,45090720,15325,5504,84348800,42911,2796,119979156,3532,4368,15427776,10826,4768,51618368,34797,3788,131811036,28426,4048,115068448,33480,1588,53166240,6050,2744,16601200,,,,
39,2014-09,208,2192,455936,10691,3792,40540272,15254,5208,79442832,42410,2656,112640960,3490,3832,13373680,10680,4220,45069600,34590,3408,117882720,28077,4020,112869540,33765,1532,51727980,5973,2500,14932500,,,,
40,2014-08,224,2192,491008,10853,3792,41154576,15286,5208,79609488,42636,2656,113241216,3531,3832,13530792,10612,4220,44782640,34212,3408,116594496,28145,4020,113142900,34929,1532,53511228,6057,2500,15142500,,,,
41,2014-07,265,2192,580880,10888,3792,41287296,15306,5208,79713648,42653,2656,113286368,3553,3832,13615096,10520,4220,44394400,34164,3408,116430912,27864,4020,112013280,35160,1532,53865120,6106,2500,15265000,,,,
42,2014-06,380,1980,752400,10987,3780,41530860,15272,5404,82529888,43300,2620,113446000,3541,3920,13880720,10577,4220,44634940,34648,3380,117110240,28062,3768,105737616,35466,1540,54617640,6056,2464,14921984,,,,
43,2014-05,233,1980,461340,10748,3780,40627440,15068,5404,81427472,42593,2620,111593660,3545,3920,13896400,10535,4220,44457700,35140,3380,118773200,28170,3768,106144560,35092,1540,54041680,5902,2464,14542528,,,,
44,2014-04,237,1980,469260,10432,3780,39432960,15038,5404,81265352,42096,2620,110291520,3531,3920,13841520,10380,4220,43803600,34980,3380,118232400,28040,3768,105654720,34006,1540,52369240,5869,2464,14461216,,,,
45,2014-03,163,2012,327956,10179,3684,37499436,14969,6376,95442344,41436,2644,109556784,3469,4116,14278404,10330,5536,57186880,34531,3448,119062888,28041,3812,106892292,32025,1424,45603600,5729,2404,13772516,0.0,2308.0,0.0,599623100.0
46,2014-02,215,2012,432580,10123,3684,37293132,14899,6376,94996024,41438,2644,109562072,3420,4116,14076720,10383,5536,57480288,33913,3448,116932024,27814,3812,106026968,30715,1424,43738160,5678,2404,13649912,0.0,2308.0,0.0,594187880.0
47,2014-01,240,2012,482880,10048,3684,37016832,14863,6376,94766488,41538,2644,109826472,3371,4116,13875036,10198,5536,56456128,32905,3448,113456440,27626,3812,105310312,30653,1424,43649872,5660,2404,13606640,3.0,2308.0,6924.0,588454024.0
